LOCATION,TYPE
L3A02,P2
L3A04,P2
L3A06,P2
L3A08,P3
L3A10,P7
L3A12,P7
L3A14,P7
L3A16,P7
L3A18,P7
L3A20,P7
L3A22,P7
L3A24,P7
L3A26,P7
L3A28,P7
L3A30,P7
L3A32,P7
L3A34,P7
L3A36,P7
L3A38,P7
L3A40,P7
L3A42,P7
L3A44,P7
L3A46,P6
L3A48,P6
L3A50,P6
L3A52,P6
L3A54,P6
L3A56,P7
L3A58,P7
L3A60,P7
L3A62,P7
L3A64,P7
L3A66,P7
L3A68,P7
L3A70,P7
L3A72,P7
L3A74,P7
L3A76,P7
L3A78,P7
L3A80,P7
L3A82,P7
L3A84,P7
L3A86,P7
L3A88,P5
L3A90,P3
L3A92,P3
L3A94,P3
L3A96,P3
L3A01,P4
L3A03,P4
L3A05,P4
L3A07,P4
L3A09,P4
L3A11,P4
L3A13,P4
L3A15,P4
L3A17,P4
L3A19,P4
L3A21,P4
L3A23,P4
L3A25,P4
L3A27,P4
L3A29,P4
L3A31,P4
L3A33,P4
L3A35,P4
L3A37,P4
L3A39,P4
L3A41,P4
L3A43,P4
L3A45,P4
L3A47,P4
L3A49,P4
L3A51,P4
L3A53,P4
L3A55,P4
L3A57,P4
L3A59,P4
L3A61,P4
L3A63,P4
L3A65,P4
L3A67,P4
L3A69,P4
L3A71,P4
L3A73,P4
L3A75,P4
L3A77,P4
L3A79,P4
L3A81,P4
L3B02,P2
L3B04,P2
L3B06,P2
L3B08,P2
L3B10,P2
L3B12,P2
L3B14,P2
L3B16,P2
L3B18,P2
L3B20,P2
L3B22,P2
L3B24,P2
L3B26,P2
L3B28,P2
L3B30,P2
L3B32,P2
L3B34,P2
L3B36,P2
L3B38,P2
L3B40,P2
L3B42,P2
L3B44,P2
L3B46,P2
L3B48,P2
L3B50,P2
L3B52,P2
L3B54,P2
L3B56,P2
L3B58,P2
L3B60,P2
L3B62,P2
L3B64,P2
L3B66,P2
L3B68,P2
L3B70,P2
L3B72,P2
L3B74,P2
L3B76,P2
L3B78,P2
L3B80,P2
L3B01,P2
L3B03,P2
L3B05,P2
L3B07,P2
L3B09,P2
L3B11,P2
L3B13,P2
L3B15,P2
L3B17,P2
L3B19,P2
L3B21,P2
L3B23,P2
L3B25,P2
L3B27,P2
L3B29,P2
L3B31,P2
L3B33,P2
L3B35,P2
L3B37,P2
L3B39,P2
L3B41,P2
L3B43,P2
L3B45,P2
L3B47,P2
L3B49,P2
L3B51,P2
L3B53,P2
L3B55,P2
L3B57,P2
L3B59,P2
L3B61,P2
L3B63,P2
L3B65,P2
L3B67,P2
L3B69,P2
L3B71,P2
L3B73,P2
L3C02,P4
L3C04,P4
L3C06,P4
L3C08,P4
L3C10,P4
L3C12,P4
L3C14,P4
L3C16,P4
L3C18,P4
L3C20,P4
L3C22,P4
L3C24,P4
L3C26,P4
L3C28,P4
L3C30,P4
L3C32,P4
L3C34,P4
L3C36,P4
L3C38,P4
L3C40,P4
L3C42,P4
L3C44,P4
L3C46,P4
L3C48,P4
L3C50,P4
L3C52,P4
L3C54,P4
L3C56,P4
L3C58,P4
L3C60,P4
L3C62,P4
L3C64,P4
L3C66,P4
L3C68,P4
L3C70,P4
L3C72,P4
L3C74,P4
L3C76,P4
L3C01,P1
L3C03,P1
L3C05,P1
L3C07,P1
L3C09,P1
L3C11,P1
L3C13,P1
L3C15,P1
L3C17,P1
L3C19,P1
L3C21,P1
L3C23,P1
L3C25,P1
L3C27,P1
L3C29,P1
L3C31,P1
L3C33,P1
L3C35,P1
L3C37,P1
L3C39,P1
L3C41,P1
L3C43,P1
L3C45,P1
L3C47,P1
L3C49,P1
L3C51,P1
L3C53,P1
L3C55,P1
L3C57,P1
L3C59,P1
L3C61,P1
L3C63,P1
L3C65,P1
L3C67,P1
L3C69,P1
L3D00A,P7
L3D00B,P7
L3D00C,6 X P1
L3D02,P1
L3D04,P1
L3D06,P1
L3D08,P1
L3D10,P1
L3D12,P1
L3D14,P1
L3D16,P1
L3D18,P1
L3D20,P1
L3D22,P1
L3D24,P1
L3D26,P1
L3D28,P1
L3D30,P1
L3D32,P1
L3D34,P1
L3D36,P1
L3D38,P1
L3D40,P1
L3D42,P1
L3D44,P1
L3D46,P1
L3D48,P1
L3D50,P1
L3D52,P1
L3D54,P1
L3D56,P1
L3D58,P1
L3D60,P1
L3D62,P1
L3D64,P1
L3D66,P1
L3D68,P1
L3D70,P1
L3D01,P4
L3D03,P3
L3D05,P3
L3D07,P3
L3D09,P3
L3D11,P3
L3D13,P3
L3D15,P3
L3D17,P3
L3D19,P3
L3D21,P3
L3D23,P3
L3D25,P2
L3D27,P2
L3D29,P2
L3D31,P2
L3D33,P2
L3D35,P2
L3D37,P2
L3D39,P2
L3D41,P2
L3D43,P3
L3D45,P3
L3D47,P3
L3D49,P3
L3D51,P3
L3D53,P3
L3D55,P3
L3D57,P3
L3D59,P3
L3D61,P3
L3D63,P3
L3D65,P3
L3D67,P3
L2A01,TEMPORAIRE 1
L2A03,TEMPORAIRE 2
L2A05,TEMPORAIRE 3
L2A07,P7
L2A09,P7
L2A11,P7
L2A13,P7
L2A15,P7
L2A17,P7
L2A19,P7
L2A21,P7
L2A23,P7
L2A25,P7
L2A27,P7
L2A29,P7
L2A31,P7
L2A33,P7
L2A35,P7
L2A02,P2
L2A04,P2
L2A06,P2
L2A08,P2
L2A10,P2
L2A12,P2
L2A14,P2
L2A16,P2
L2A18,P2
L2A20,P2
L2B02,P1
L2B04,P1
L2B06,P1
L2B08,P1
L2B10,P1
L2B12,P1
L2B14,P1
L2B16,P1
L2B18,P1
L2B20,P1
L2B22,P5
L2B24,P5
L2B26,P5
L2B28,P5
L2B30,P5
L2B32,P5
L2B34,P5
L2B36,P5
L2B38,P1
L2B40,P1
L2B42,P1
L2B44,P1
L2B46,P1
L2B48,P1
L2B50,P1
L2B52,P1
L2B54,P1
L2B56,P1
L2B58,P1
L5A01,P5
L5A03,P5
L5A05,P5
L5A07,P5
L5A09,P5
L5A11,P5
L5A02,P5
L5A04,P5
L5A06,P5
L5A08,P5
L5A10,P5
L5A12,P5
L5B01A,RACKING
L5B01B,RACKING
L5B01C,RACKING
L5B03A,RACKING
L5B03B,RACKING
L5B03C,RACKING
L5B05A,RACKING
L5B05B,RACKING
L5B05C,RACKING
L5B07,P1
L5B09,P1
L5B11,P1
L5B13,P1
L5B15,P1
L5B17,P1
L5B19,P1
L5B21A,RACKING
L5B21B,RACKING
L5B21C,RACKING
L5B23A,RACKING
L5B23B,RACKING
L5B23C,RACKING
L5B25A,RACKING
L5B25B,RACKING
L5B25C,RACKING
L5C01,P5
L5C03,P5
L5C05,P5
L5C07,P5
L5C09,P5
L5C11,P5
L5C02,P5
L5C04,P5
L5C06,P5
L5C08,P5
L5C10,P5
L5C12,P5
L5C14,P5
L5C16,P5
L3TOILETTE,ZONE MORTE
L5TOILETTE,ZONE MORTE
SPOTLOOMIS,DROP SPOT
SPOTMIDCOU,DROP SPOT
SPOTMIDLAND,DROP SPOT
SPOTFASTFRATE,DROP SPOT
SPOTVIRAGE,DROP SPOT
SPOTSAMEDAY,DROP SPOT
SPOTMORNEAU,DROP SPOT
L3M02,P2
L3M04,P2
L3M06,P2
L3M08,P2
L3M10,P2
L3M12,P2
L3M14,P2
L3M16,P2
L3M18,P2
L3M20,P2
L3M22,P2
L3M24,P2
L3M26,P2
L3M28,P2
L3M30,P2
L3M32,P2
L3M34,P2
L3M36,P2
L3M38,P2
L3M40,P2
L3M42,P2
L3M44,P2
L3M46,P2
L3M48,P2
L3M50,P2
L3M52,P2
L3M54,P2
L3M56,P2
L3M58,P2
L2H06A,MAGASIN
L2H08G,MAGASIN
L2H08H,MAGASIN
L2H10B,MAGASIN
L2H10E,MAGASIN
L2H10G,MAGASIN
L2H10H,MAGASIN
L2H11B,MAGASIN
L2H12F,MAGASIN
L2H12G,MAGASIN
L2H12H,MAGASIN
L2H13A,MAGASIN
L2H13F09,MAGASIN
L2H13F10,MAGASIN
L2H13F11,MAGASIN
L2H13F12,MAGASIN
L2H13F13,MAGASIN
L2H13F14,MAGASIN
L2H13G01,MAGASIN
L2H13G02,MAGASIN
L2H13G03,MAGASIN
L2H13G04,MAGASIN
L2H13G05,MAGASIN
L2H13G06,MAGASIN
L2H13G07,MAGASIN
L2H13G08,MAGASIN
L2H13G09,MAGASIN
L2H13G10,MAGASIN
L2H13G11,MAGASIN
L2H13G12,MAGASIN
L2H13G13,MAGASIN
L2H13G14,MAGASIN
L2H13G15,MAGASIN
L2H13G16,MAGASIN
L2H13G17,MAGASIN
L2H13H01,MAGASIN
L2H13H02,MAGASIN
L2H13H03,MAGASIN
L2H13H04,MAGASIN
L2H13H05,MAGASIN
L2H13H06,MAGASIN
L2H13H07,MAGASIN
L2H13H08,MAGASIN
L2H13H09,MAGASIN
L2H13H10,MAGASIN
L2H13H11,MAGASIN
L2H13H13,MAGASIN
L2H13H14,MAGASIN
L2H13H15,MAGASIN
L2H13H16,MAGASIN
L2H13H17,MAGASIN
L2H14A01,MAGASIN
L2H14A02,MAGASIN
L2H14A03,MAGASIN
L2H14A04,MAGASIN
L2H14A05,MAGASIN
L2H14A06,MAGASIN
L2H14A07,MAGASIN
L2H14A09,MAGASIN
L2H14A10,MAGASIN
L2H14A11,MAGASIN
L2H14A12,MAGASIN
L2H14A13,MAGASIN
L2H14A14,MAGASIN
L2H14A15,MAGASIN
L2H14A16,MAGASIN
L2H14B01,MAGASIN
L2H14B02,MAGASIN
L2H14B03,MAGASIN
L2H14B04,MAGASIN
L2H14B05,MAGASIN
L2H14B06,MAGASIN
L2H14B08,MAGASIN
L2H14B09,MAGASIN
L2H14B10,MAGASIN
L2H14B12,MAGASIN
L2H14B13,MAGASIN
L2H14B14,MAGASIN
L2H14B15,MAGASIN
L2H14B16,MAGASIN
L2H14C,MAGASIN
L2H14C01,MAGASIN
L2H14C02,MAGASIN
L2H14C03,MAGASIN
L2H14C04,MAGASIN
L2H14C05,MAGASIN
L2H14C06,MAGASIN
L2H14C07,MAGASIN
L2H14C08,MAGASIN
L2H14C09,MAGASIN
L2H14D01,MAGASIN
L2H14D02,MAGASIN
L2H14D03,MAGASIN
L2H14D04,MAGASIN
L2H14D05,MAGASIN
L2H14D06,MAGASIN
L2H14D07,MAGASIN
L2H14D08,MAGASIN
L2H14D09,MAGASIN
L2H14D10,MAGASIN
L2H14D11,MAGASIN
L2H14D12,MAGASIN
L2H14D13,MAGASIN
L2H14D14,MAGASIN
L2H14D15,MAGASIN
L2H14D16,MAGASIN
L2H14E01,MAGASIN
L2H14E02,MAGASIN
L2H14E03,MAGASIN
L2H14E04,MAGASIN
L2H14E05,MAGASIN
L2H14E08,MAGASIN
L2H14E12,MAGASIN
L2H14E13,MAGASIN
L2H14E14,MAGASIN
L2H14E15,MAGASIN
L2H14E16,MAGASIN
L2H15A01,MAGASIN
L2H15A02,MAGASIN
L2H15A07,MAGASIN
L2H15A14,MAGASIN
L2H15B,MAGASIN
L2H15B02,MAGASIN
L2H15B04,MAGASIN
L2H15B05,MAGASIN
L2H15B06,MAGASIN
L2H15B07,MAGASIN
L2H15B08,MAGASIN
L2H15B09,MAGASIN
L2H15B11,MAGASIN
L2H15B15,MAGASIN
L2H15B16,MAGASIN
L2H15B17,MAGASIN
L2H15C,MAGASIN
L2H15C01,MAGASIN
L2H15C02,MAGASIN
L2H15C03,MAGASIN
L2H15C04,MAGASIN
L2H15C05,MAGASIN
L2H15C06,MAGASIN
L2H15C07,MAGASIN
L2H15C08,MAGASIN
L2H15C09,MAGASIN
L2H15C10,MAGASIN
L2H15C11,MAGASIN
L2H15C13,MAGASIN
L2H15C16,MAGASIN
L2H15C17,MAGASIN
L2H15D01,MAGASIN
L2H15D02,MAGASIN
L2H15D03,MAGASIN
L2H15D06,MAGASIN
L2H15D07,MAGASIN
L2H15D08,MAGASIN
L2H15D09,MAGASIN
L2H15D10,MAGASIN
L2H15D11,MAGASIN
L2H15D12,MAGASIN
L2H15D13,MAGASIN
L2H15D14,MAGASIN
L2H15D15,MAGASIN
L2H15D16,MAGASIN
L2H15E,MAGASIN
L2H15E01,MAGASIN
L2H15E02,MAGASIN
L2H15E03,MAGASIN
L2H15E06,MAGASIN
L2H15E07,MAGASIN
L2H15E08,MAGASIN
L2H15E09,MAGASIN
L2H15E10,MAGASIN
L2H15E11,MAGASIN
L2H15E12,MAGASIN
L2H15E14,MAGASIN
L2H15E15,MAGASIN
L2H15E16,MAGASIN
L2H15E17,MAGASIN
L2H15F01,MAGASIN
L2H15F02,MAGASIN
L2H15F03,MAGASIN
L2H15F04,MAGASIN
L2H15F05,MAGASIN
L2H15F06,MAGASIN
L2H15F07,MAGASIN
L2H15F08,MAGASIN
L2H15F09,MAGASIN
L2H15F10,MAGASIN
L2H15F11,MAGASIN
L2H15F12,MAGASIN
L2H15F13,MAGASIN
L2H15F14,MAGASIN
L2H15F15,MAGASIN
L2H15F16,MAGASIN
L2H15F17,MAGASIN
L2H15G01,MAGASIN
L2H15G02,MAGASIN
L2H15G03,MAGASIN
L2H15G04,MAGASIN
L2H15G05,MAGASIN
L2H15G06,MAGASIN
L2H15G07,MAGASIN
L2H15G08,MAGASIN
L2H15G09,MAGASIN
L2H15G10,MAGASIN
L2H15G11,MAGASIN
L2H15G12,MAGASIN
L2H15G13,MAGASIN
L2H15G14,MAGASIN
L2H15G15,MAGASIN
L2H15G16,MAGASIN
L2H15G17,MAGASIN
L2H15H,MAGASIN
L2H15H01,MAGASIN
L2H15H02,MAGASIN
L2H15H03,MAGASIN
L2H15H04,MAGASIN
L2H15H05,MAGASIN
L2H15H06,MAGASIN
L2H15H08,MAGASIN
L2H15H09,MAGASIN
L2H15H10,MAGASIN
L2H15H11,MAGASIN
L2H15H12,MAGASIN
L2H15H13,MAGASIN
L2H15H14,MAGASIN
L2H16A,MAGASIN
L2H16A03,MAGASIN
L2H16A04,MAGASIN
L2H16A07,MAGASIN
L2H16A09,MAGASIN
L2H16A15,MAGASIN
L2H16B,MAGASIN
L2H16B01,MAGASIN
L2H16B02,MAGASIN
L2H16B03,MAGASIN
L2H16B04,MAGASIN
L2H16B05,MAGASIN
L2H16B06,MAGASIN
L2H16B07,MAGASIN
L2H16B08,MAGASIN
L2H16B09,MAGASIN
L2H16B10,MAGASIN
L2H16B11,MAGASIN
L2H16B12,MAGASIN
L2H16B13,MAGASIN
L2H16B14,MAGASIN
L2H16B15,MAGASIN
L2H16B16,MAGASIN
L2H16C01,MAGASIN
L2H16C02,MAGASIN
L2H16C03,MAGASIN
L2H16C04,MAGASIN
L2H16C05,MAGASIN
L2H16C06,MAGASIN
L2H16C07,MAGASIN
L2H16C08,MAGASIN
L2H16C09,MAGASIN
L2H16C10,MAGASIN
L2H16C11,MAGASIN
L2H16C12,MAGASIN
L2H16C13,MAGASIN
L2H16C14,MAGASIN
L2H16C15,MAGASIN
L2H16C16,MAGASIN
L2H16D01,MAGASIN
L2H16D02,MAGASIN
L2H16D03,MAGASIN
L2H16D04,MAGASIN
L2H16D05,MAGASIN
L2H16D06,MAGASIN
L2H16D07,MAGASIN
L2H16D08,MAGASIN
L2H16D09,MAGASIN
L2H16D10,MAGASIN
L2H16D11,MAGASIN
L2H16D12,MAGASIN
L2H16D13,MAGASIN
L2H16D14,MAGASIN
L2H16D15,MAGASIN
L2H16D16,MAGASIN
L2H16E,MAGASIN
L2H16E01,MAGASIN
L2H16E02,MAGASIN
L2H16E03,MAGASIN
L2H16E04,MAGASIN
L2H16E-04,MAGASIN
L2H16E05,MAGASIN
L2H16E06,MAGASIN
L2H16E07,MAGASIN
L2H16E08,MAGASIN
L2H16E09,MAGASIN
L2H16E10,MAGASIN
L2H16E11,MAGASIN
L2H16E12,MAGASIN
L2H16E13,MAGASIN
L2H16E14,MAGASIN
L2H16E15,MAGASIN
L2H16E16,MAGASIN
L2H17A01,MAGASIN
L2H17A02,MAGASIN
L2H17A03,MAGASIN
L2H17A04,MAGASIN
L2H17A05,MAGASIN
L2H17A06,MAGASIN
L2H17A07,MAGASIN
L2H17A08,MAGASIN
L2H17A09,MAGASIN
L2H17A10,MAGASIN
L2H17A11,MAGASIN
L2H17A12,MAGASIN
L2H17B01,MAGASIN
L2H17B02,MAGASIN
L2H17B03,MAGASIN
L2H17B04,MAGASIN
L2H17B05,MAGASIN
L2H17B06,MAGASIN
L2H17F01,MAGASIN
L2H17F02,MAGASIN
L2H17F03,MAGASIN
L2H17F04,MAGASIN
L2H17F05,MAGASIN
L2H17F06,MAGASIN
L2H17F07,MAGASIN
L2H17F08,MAGASIN
L2H17F09,MAGASIN
L2H17F10,MAGASIN
L2H17F11,MAGASIN
L2H17F12,MAGASIN
L2H17F13,MAGASIN
L2H17F14,MAGASIN
L2H17G,MAGASIN
L2H17G01,MAGASIN
L2H17G02,MAGASIN
L2H17G03,MAGASIN
L2H17G04,MAGASIN
L2H17G05,MAGASIN
L2H17G06,MAGASIN
L2H17G07,MAGASIN
L2H17G08,MAGASIN
L2H17G09,MAGASIN
L2H17G10,MAGASIN
L2H17G11,MAGASIN
L2H17G12,MAGASIN
L2H17G13,MAGASIN
L2H17G14,MAGASIN
L2H17G15,MAGASIN
L2H17G16,MAGASIN
L2H17H01,MAGASIN
L2H17H02,MAGASIN
L2H17H03,MAGASIN
L2H17H05,MAGASIN
L2H17H06,MAGASIN
L2H17H07,MAGASIN
L2H17H08,MAGASIN
L2H17H09,MAGASIN
L2H17H10,MAGASIN
L2H17H11,MAGASIN
L2H17H12,MAGASIN
L2H17H13,MAGASIN
L2H17H14,MAGASIN
L2H17H15,MAGASIN
L2H17H16,MAGASIN
L2H19A01,MAGASIN
L2H19A02,MAGASIN
L2H19A03,MAGASIN
L2H19A04,MAGASIN
L2H19A05,MAGASIN
L2H19A06,MAGASIN
L2H19A07,MAGASIN
L2H19A08,MAGASIN
L2H19A09,MAGASIN
L2H19A10,MAGASIN
L2H19A11,MAGASIN
L2H19A12,MAGASIN
L2H19A13,MAGASIN
L2H19A14,MAGASIN
L2H19A15,MAGASIN
L2H19A16,MAGASIN
L2H19B,MAGASIN
L2H19B05,MAGASIN
L2H19B07,MAGASIN
L2H19C01,MAGASIN
L2H19C04,MAGASIN
L2H19C06,MAGASIN
L2H19C07,MAGASIN
L2H19C08,MAGASIN
L2H19C11,MAGASIN
L2H19D02,MAGASIN
L2H19D03,MAGASIN
L2H19D04,MAGASIN
L2H19D05,MAGASIN
L2H19D09,MAGASIN
L2H19D10,MAGASIN
L2H19D11,MAGASIN
L2H19D12,MAGASIN
L2H19D13,MAGASIN
L2H19D14,MAGASIN
L2H19D16,MAGASIN
L2H19E,MAGASIN
L2H19E01,MAGASIN
L2H19E02,MAGASIN
L2H19E03,MAGASIN
L2H19E04,MAGASIN
L2H19E05,MAGASIN
L2H19E07,MAGASIN
L2H19E08,MAGASIN
L2H19E09,MAGASIN
L2H19E10,MAGASIN
L2H19E11,MAGASIN
L2H19E12,MAGASIN
L2H19E14,MAGASIN
L2H19E16,MAGASIN
L2H19F,MAGASIN
L2H19F01,MAGASIN
L2H19F02,MAGASIN
L2H19F03,MAGASIN
L2H19F04,MAGASIN
L2H19F05,MAGASIN
L2H19F06,MAGASIN
L2H19F07,MAGASIN
L2H19F10,MAGASIN
L2H19F11,MAGASIN
L2H19F12,MAGASIN
L2H19F19,MAGASIN
L2H19G01,MAGASIN
L2H19G02,MAGASIN
L2H19G03,MAGASIN
L2H19G04,MAGASIN
L2H19G05,MAGASIN
L2H19G06,MAGASIN
L2H19G07,MAGASIN
L2H19G08,MAGASIN
L2H19G09,MAGASIN
L2H19G10,MAGASIN
L2H19G11,MAGASIN
L2H19G13,MAGASIN
L2H19G14,MAGASIN
L2H19H01,MAGASIN
L2H19H02,MAGASIN
L2H19H03,MAGASIN
L2H19H04,MAGASIN
L2H19H05,MAGASIN
L2H19H06,MAGASIN
L2H19H07,MAGASIN
L2H19H08,MAGASIN
L2H19H09,MAGASIN
L2H19H10,MAGASIN
L2H19H11,MAGASIN
L2H19H12,MAGASIN
L2H19H13,MAGASIN
L2H19H14,MAGASIN
L2I06A,SHELVING
L2I06B,SHELVING
L2I06D,SHELVING
L2I06F,SHELVING
L2I06H,SHELVING
L2I08A,SHELVING
L2I08B,SHELVING
L2I08D,SHELVING
L2I08F,SHELVING
L2I08H,SHELVING
L2I10A,SHELVING
L2I10B,SHELVING
L2I10D,SHELVING
L2I10F,SHELVING
L2I10H,SHELVING
L2I12A,SHELVING
L2I12B,SHELVING
L2I12D,SHELVING
L2I12F,SHELVING
L2I12H,SHELVING
L2J06A,RACKING
L2J06B,RACKING
L2J06C,RACKING
L2J04A,RACKING
L2J04B,RACKING
L2J04C,RACKING
L2J02A,RACKING
L2J02B,RACKING
L2J02C,RACKING
L2J01A,RACKING
L2J01B,RACKING
L2J01C,RACKING
L2J01D,RACKING
L2J01E,RACKING
L2J01F,RACKING
L2J01G,RACKING
L2J01H,RACKING
L2J01I,RACKING
L2J03A,RACKING
L2J03B,RACKING
L2J03C,RACKING
L2J03D,RACKING
L2J03E,RACKING
L2J03F,RACKING
L2J03G,RACKING
L2J03H,RACKING
L2J03I,RACKING
L2J05A,RACKING
L2J05B,RACKING
L2J05C,RACKING
L2J05D,RACKING
L2J05E,RACKING
L2J05F,RACKING
L2J05G,RACKING
L2J05H,RACKING
L2J05I,RACKING
L2J07A,RACKING
L2J07B,RACKING
L2J07C,RACKING
L2J07D,RACKING
L2J07E,RACKING
L2J07F,RACKING
L2J07H,RACKING
L2J07I,RACKING
L2J09A,RACKING
L2J09C,RACKING
L2J09D,RACKING
L2J09F,RACKING
L2J09H,RACKING
L2J09I,RACKING
L2J11A,RACKING
L2J11C,RACKING
L2J11F,RACKING
L2J11G,RACKING
L2J11H,RACKING
L2J11I,RACKING
L2J13A,RACKING
L2J13B,RACKING
L2J13C,RACKING
L2J15A,RACKING
L2J15B,RACKING
L2J15C,RACKING
